[
    {
        "name": "Alabama",
        "country_code": "US",
        "state_code": "AL"
    },
    {
        "name": "Alaska",
        "country_code": "US",
        "state_code": "AK"
    },
    {
        "name": "American Samoa",
        "country_code": "US",
        "state_code": "AS"
    },
    {
        "name": "Arizona",
        "country_code": "US",
        "state_code": "AZ"
    },
    {
        "name": "Arkansas",
        "country_code": "US",
        "state_code": "AR"
    },
    {
        "name": "Baker Island",
        "country_code": "US",
        "state_code": "UM-81"
    },
    {
        "name": "California",
        "country_code": "US",
        "state_code": "CA"
    },
    {
        "name": "Colorado",
        "country_code": "US",
        "state_code": "CO"
    },
    {
        "name": "Connecticut",
        "country_code": "US",
        "state_code": "CT"
    },
    {
        "name": "Delaware",
        "country_code": "US",
        "state_code": "DE"
    },
    {
        "name": "District of Columbia",
        "country_code": "US",
        "state_code": "DC"
    },
    {
        "name": "Florida",
        "country_code": "US",
        "state_code": "FL"
    },
    {
        "name": "Georgia",
        "country_code": "US",
        "state_code": "GA"
    },
    {
        "name": "Guam",
        "country_code": "US",
        "state_code": "GU"
    },
    {
        "name": "Hawaii",
        "country_code": "US",
        "state_code": "HI"
    },
    {
        "name": "Howland Island",
        "country_code": "US",
        "state_code": "UM-84"
    },
    {
        "name": "Idaho",
        "country_code": "US",
        "state_code": "ID"
    },
    {
        "name": "Illinois",
        "country_code": "US",
        "state_code": "IL"
    },
    {
        "name": "Indiana",
        "country_code": "US",
        "state_code": "IN"
    },
    {
        "name": "Iowa",
        "country_code": "US",
        "state_code": "IA"
    },
    {
        "name": "Jarvis Island",
        "country_code": "US",
        "state_code": "UM-86"
    },
    {
        "name": "Johnston Atoll",
        "country_code": "US",
        "state_code": "UM-67"
    },
    {
        "name": "Kansas",
        "country_code": "US",
        "state_code": "KS"
    },
    {
        "name": "Kentucky",
        "country_code": "US",
        "state_code": "KY"
    },
    {
        "name": "Kingman Reef",
        "country_code": "US",
        "state_code": "UM-89"
    },
    {
        "name": "Louisiana",
        "country_code": "US",
        "state_code": "LA"
    },
    {
        "name": "Maine",
        "country_code": "US",
        "state_code": "ME"
    },
    {
        "name": "Maryland",
        "country_code": "US",
        "state_code": "MD"
    },
    {
        "name": "Massachusetts",
        "country_code": "US",
        "state_code": "MA"
    },
    {
        "name": "Michigan",
        "country_code": "US",
        "state_code": "MI"
    },
    {
        "name": "Midway Atoll",
        "country_code": "US",
        "state_code": "UM-71"
    },
    {
        "name": "Minnesota",
        "country_code": "US",
        "state_code": "MN"
    },
    {
        "name": "Mississippi",
        "country_code": "US",
        "state_code": "MS"
    },
    {
        "name": "Missouri",
        "country_code": "US",
        "state_code": "MO"
    },
    {
        "name": "Montana",
        "country_code": "US",
        "state_code": "MT"
    },
    {
        "name": "Navassa Island",
        "country_code": "US",
        "state_code": "UM-76"
    },
    {
        "name": "Nebraska",
        "country_code": "US",
        "state_code": "NE"
    },
    {
        "name": "Nevada",
        "country_code": "US",
        "state_code": "NV"
    },
    {
        "name": "New Hampshire",
        "country_code": "US",
        "state_code": "NH"
    },
    {
        "name": "New Jersey",
        "country_code": "US",
        "state_code": "NJ"
    },
    {
        "name": "New Mexico",
        "country_code": "US",
        "state_code": "NM"
    },
    {
        "name": "New York",
        "country_code": "US",
        "state_code": "NY"
    },
    {
        "name": "North Carolina",
        "country_code": "US",
        "state_code": "NC"
    },
    {
        "name": "North Dakota",
        "country_code": "US",
        "state_code": "ND"
    },
    {
        "name": "Northern Mariana Islands",
        "country_code": "US",
        "state_code": "MP"
    },
    {
        "name": "Ohio",
        "country_code": "US",
        "state_code": "OH"
    },
    {
        "name": "Oklahoma",
        "country_code": "US",
        "state_code": "OK"
    },
    {
        "name": "Oregon",
        "country_code": "US",
        "state_code": "OR"
    },
    {
        "name": "Palmyra Atoll",
        "country_code": "US",
        "state_code": "UM-95"
    },
    {
        "name": "Pennsylvania",
        "country_code": "US",
        "state_code": "PA"
    },
    {
        "name": "Puerto Rico",
        "country_code": "US",
        "state_code": "PR"
    },
    {
        "name": "Rhode Island",
        "country_code": "US",
        "state_code": "RI"
    },
    {
        "name": "South Carolina",
        "country_code": "US",
        "state_code": "SC"
    },
    {
        "name": "South Dakota",
        "country_code": "US",
        "state_code": "SD"
    },
    {
        "name": "Tennessee",
        "country_code": "US",
        "state_code": "TN"
    },
    {
        "name": "Texas",
        "country_code": "US",
        "state_code": "TX"
    },
    {
        "name": "United States Minor Outlying Islands",
        "country_code": "US",
        "state_code": "UM"
    },
    {
        "name": "United States Virgin Islands",
        "country_code": "US",
        "state_code": "VI"
    },
    {
        "name": "Utah",
        "country_code": "US",
        "state_code": "UT"
    },
    {
        "name": "Vermont",
        "country_code": "US",
        "state_code": "VT"
    },
    {
        "name": "Virginia",
        "country_code": "US",
        "state_code": "VA"
    },
    {
        "name": "Wake Island",
        "country_code": "US",
        "state_code": "UM-79"
    },
    {
        "name": "Washington",
        "country_code": "US",
        "state_code": "WA"
    },
    {
        "name": "West Virginia",
        "country_code": "US",
        "state_code": "WV"
    },
    {
        "name": "Wisconsin",
        "country_code": "US",
        "state_code": "WI"
    },
    {
        "name": "Wyoming",
        "country_code": "US",
        "state_code": "WY"
    },
    {
        "name": "Alberta",
        "country_code": "CA",
        "state_code": "AB"
    },
    {
        "name": "British Columbia",
        "country_code": "CA",
        "state_code": "BC"
    },
    {
        "name": "Manitoba",
        "country_code": "CA",
        "state_code": "MB"
    },
    {
        "name": "New Brunswick",
        "country_code": "CA",
        "state_code": "NB"
    },
    {
        "name": "Newfoundland and Labrador",
        "country_code": "CA",
        "state_code": "NL"
    },
    {
        "name": "Northwest Territories",
        "country_code": "CA",
        "state_code": "NT"
    },
    {
        "name": "Nova Scotia",
        "country_code": "CA",
        "state_code": "NS"
    },
    {
        "name": "Nunavut",
        "country_code": "CA",
        "state_code": "NU"
    },
    {
        "name": "Ontario",
        "country_code": "CA",
        "state_code": "ON"
    },
    {
        "name": "Prince Edward Island",
        "country_code": "CA",
        "state_code": "PE"
    },
    {
        "name": "Quebec",
        "country_code": "CA",
        "state_code": "QC"
    },
    {
        "name": "Saskatchewan",
        "country_code": "CA",
        "state_code": "SK"
    },
    {
        "name": "Yukon",
        "country_code": "CA",
        "state_code": "YT"
    }
]